Front,Back
Does the user know what is happening right now?,#1 Visibility of system status — Memory hook: Elevator floor display
"Do concepts, language, and information order match these users’ world?",#2 Match with the real world — Memory hook: Road signs
How does the user take back a mistake?,#3 User control and freedom — Memory hook: Emergency exit
Does the same thing always look and work the same?,#4 Consistency and standards — Memory hook: Car pedals
"Which mistakes can I make impossible, or at least unlikely?",#5 Error prevention — Memory hook: Microwave door interlock
What am I asking users to remember that I could show?,#6 Recognition rather than recall — Memory hook: Menu with photos
Is there a fast path for the 50th time?,#7 Flexibility and efficiency — Memory hook: Staffed till and self-checkout
Does this information support the user’s current task?,#8 Aesthetic and minimalist design — Memory hook: Airport signage
Does the error say what happened and what to do?,"#9 Help with errors — Memory hook: GPS ""recalculating"""
"When users are stuck, what do they find?",#10 Help and documentation — Memory hook: Information desk
